CREATE SCHEMA IF NOT EXISTS student;
CREATE TABLE student.students IF NOT EXISTS (_id VARCHAR(255), age FLOAT, name VARCHAR(255), subject VARCHAR(255));
INSERT INTO student.students (_id, age, name, subject) VALUES ('64798c213f273a7ca2cf516a', 25, 'Nathan Lindgren', 'Maths');
INSERT INTO student.students (name, subject, _id, age) VALUES ('Meggie Hoppe', 'English', '64798c213f273a7ca2cf516b', 18);
CREATE SCHEMA IF NOT EXISTS employee;
CREATE TABLE employee.employees IF NOT EXISTS (_id VARCHAR(255), age FLOAT, name VARCHAR(255), position VARCHAR(255), salary FLOAT);
INSERT INTO employee.employees (_id, age, name, position, salary) VALUES ('64798c213f273a7ca2cf516c', 35, 'Raymond Monahan', 'Engineer', 3767.925634753098);
CREATE TABLE IF NOT EXISTS employee.employees_address (_id VARCHAR(255) PRIMARY KEY, employees__id VARCHAR(255), line1 VARCHAR(255), zip VARCHAR(255));
INSERT INTO employee.employees_address (_id, line1, zip, student__id) VALUES ('b4c0b992-aa13-442d-9c19-44a232613f62', '32550 Port Gatewaytown', '18399', '64798c213f273a7ca2cf516c');
INSERT INTO employee.employees_address (_id, line1, zip, student__id) VALUES ('300756fd-ac04-4104-8fc2-7215c3b59384', '3840 Cornermouth', '83941', '64798c213f273a7ca2cf516c');
CREATE TABLE IF NOT EXISTS employee.employees_phone (_id VARCHAR(255) PRIMARY KEY, employees__id VARCHAR(255), work VARCHAR(255), personal VARCHAR(255));
INSERT INTO employee.employees_phone (_id, personal, work, student__id) VALUES ('5e75e568-527c-41b2-86cf-b437532e84c6', '8764255212', '2762135091', '64798c213f273a7ca2cf516c');
DELETE FROM student.students WHERE _id = '64798c213f273a7ca2cf516a';
INSERT INTO student.students (age, name, subject, _id) VALUES (19, 'Tevin Heathcote', 'English', '64798c213f273a7ca2cf516d');
INSERT INTO employee.employees (position, salary, _id, age, name) VALUES ('Manager', 5042.121824095532, '64798c213f273a7ca2cf516e', 37, 'Wilson Gleason');
INSERT INTO employee.employees_phone (_id, personal, work, student__id) VALUES ('ce6c0e99-b300-4057-bfc0-74c758998c82', '7678456640', '8130097989', '64798c213f273a7ca2cf516e');
INSERT INTO employee.employees_address (_id, line1, zip, student__id) VALUES ('52d82250-0eed-41e7-9a5b-0151a24df18e', '481 Harborsburgh', '89799', '64798c213f273a7ca2cf516e');
INSERT INTO employee.employees_address (_id, line1, zip, student__id) VALUES ('4139d4b7-36eb-4190-8aa9-04f407b3413b', '329 Flatside', '80872', '64798c213f273a7ca2cf516e');
INSERT INTO employee.employees (position, salary, _id, age, name) VALUES ('Manager', 4514.763474407185, '64798c213f273a7ca2cf516f', 31, 'Linwood Wilkinson');
INSERT INTO employee.employees_phone (_id, personal, work, student__id) VALUES ('4eb1877d-24b0-44f5-9536-a55409f02725', '1075027422', '1641587035', '64798c213f273a7ca2cf516f');
INSERT INTO employee.employees_address (_id, line1, zip, student__id) VALUES ('6fae5724-c195-430c-8963-c19df28b2b0f', '96400 Landhaven', '41638', '64798c213f273a7ca2cf516f');
INSERT INTO employee.employees_address (_id, line1, zip, student__id) VALUES ('86d39d85-8c4a-42ef-9bb5-436f9e1225ad', '3939 Lightburgh', '99747', '64798c213f273a7ca2cf516f');
INSERT INTO student.students (name, subject, _id, age) VALUES ('Camren Thompson', 'Science', '64798c213f273a7ca2cf5170', 18);
INSERT INTO employee.employees (_id, age, name, position, salary) VALUES ('64798c213f273a7ca2cf5171', 31, 'Meaghan Hettinger', 'Engineer', 6676.956103628756);
INSERT INTO employee.employees_address (_id, line1, zip, student__id) VALUES ('a8c7cda1-e47a-42a3-a6eb-746df56229c2', '51338 Landingbury', '74795', '64798c213f273a7ca2cf5171');
INSERT INTO employee.employees_address (_id, line1, zip, student__id) VALUES ('312a9c89-0d61-4eb1-a514-ffa8bebb9f64', '79033 West Locksmouth', '43555', '64798c213f273a7ca2cf5171');
INSERT INTO employee.employees_phone (_id, personal, work, student__id) VALUES ('f305aa2a-f62a-4887-b0cb-fe4784dd94d2', '4613562303', '1889316722', '64798c213f273a7ca2cf5171');
UPDATE employee.employees SET Age = 23 WHERE _id = '64798c213f273a7ca2cf5171';
ALTER TABLE employee.employees ADD workhours VARCHAR(255);
INSERT INTO employee.employees (workhours, _id, age, name, position, salary) VALUES (6, '64798c213f273a7ca2cf5172', 20, 'Delta Bahringer', 'Developer', 2980.1271103167737);
INSERT INTO employee.employees_phone (_id, personal, work, student__id) VALUES ('2aad8cf7-fd3c-4db3-860f-378631922c6e', '9829848796', '5636590993', '64798c213f273a7ca2cf5172');
INSERT INTO employee.employees_address (_id, line1, zip, student__id) VALUES ('b1fb7ecb-a261-4d0f-a965-842b07d975ad', '2787 Trackview', '23598', '64798c213f273a7ca2cf5172');
INSERT INTO employee.employees_address (_id, line1, zip, student__id) VALUES ('c8b261ed-e3d1-4e58-8a2c-607d435cecbc', '33659 South Mountainchester', '45086', '64798c213f273a7ca2cf5172');
ALTER TABLE student.students ADD is_graduated VARCHAR(255);
INSERT INTO student.students (is_graduated, name, subject, _id, age) VALUES (false, 'Freda Dare', 'Maths', '64798c213f273a7ca2cf5173', 20);
INSERT INTO student.students (name, subject, _id, age, is_graduated) VALUES ('Kamille Jast', 'Maths', '64798c213f273a7ca2cf5174', 23, true);
INSERT INTO student.students (_id, age, is_graduated, name, subject) VALUES ('64798c213f273a7ca2cf5175', 19, false, 'Arden Kessler', 'Social Studies');
INSERT INTO employee.employees (name, position, salary, workhours, _id, age) VALUES ('Chyna Kihn', 'Salesman', 6322.655857670963, 4, '64798c213f273a7ca2cf5176', 29);
INSERT INTO employee.employees_phone (_id, personal, work, student__id) VALUES ('58287bb9-798d-4165-9fc7-b176f2748d83', '1748534264', '2515301788', '64798c213f273a7ca2cf5176');
INSERT INTO employee.employees_address (_id, line1, zip, student__id) VALUES ('30efde62-f70a-421d-ab4b-6bdf395592ab', '403 Walksfurt', '75756', '64798c213f273a7ca2cf5176');
INSERT INTO employee.employees_address (_id, line1, zip, student__id) VALUES ('ff765d2e-3ac9-4d5d-ba64-81b6509b7f2a', '5012 Port Branchberg', '21969', '64798c213f273a7ca2cf5176');
INSERT INTO employee.employees (workhours, _id, age, name, position, salary) VALUES (5, '64798c213f273a7ca2cf5177', 38, 'Madie Klein', 'Engineer', 9811.365188057007);
INSERT INTO employee.employees_address (_id, line1, zip, student__id) VALUES ('0ac040d4-7b4f-48f1-9f88-189257b2c4ce', '73628 Port Knollchester', '97436', '64798c213f273a7ca2cf5177');
INSERT INTO employee.employees_address (_id, line1, zip, student__id) VALUES ('c1a18fcc-7396-478b-a213-00ff2090cc79', '93072 Lake Skywayhaven', '87218', '64798c213f273a7ca2cf5177');
INSERT INTO employee.employees_phone (_id, personal, work, student__id) VALUES ('4bec5c3c-4943-46a1-932a-093d24dbd39f', '1498807115', '9172896730', '64798c213f273a7ca2cf5177');
