CREATE SCHEMA IF NOT EXISTS student;
CREATE TABLE student.students IF NOT EXISTS (_id VARCHAR(255), age FLOAT, name VARCHAR(255), subject VARCHAR(255));
INSERT INTO student.students (_id, age, name, subject) VALUES ('64798c213f273a7ca2cf516a', 25, 'Nathan Lindgren', 'Maths');
INSERT INTO student.students (_id, age, name, subject) VALUES ('64798c213f273a7ca2cf516b', 18, 'Meggie Hoppe', 'English');
CREATE SCHEMA IF NOT EXISTS employee;
CREATE TABLE employee.employees IF NOT EXISTS (_id VARCHAR(255), age FLOAT, name VARCHAR(255), position VARCHAR(255), salary FLOAT);
INSERT INTO employee.employees (_id, age, name, position, salary) VALUES ('64798c213f273a7ca2cf516c', 35, 'Raymond Monahan', 'Engineer', 3767.925634753098);
CREATE TABLE IF NOT EXISTS employee.employees_phone (_id VARCHAR(255) PRIMARY KEY, employees__id VARCHAR(255), work VARCHAR(255), personal VARCHAR(255));
INSERT INTO employee.employees_phone (_id, personal, work, student__id) VALUES ('d49d97e6-cf76-4143-85b5-434e35dd7fe0', '8764255212', '2762135091', '64798c213f273a7ca2cf516c');
CREATE TABLE IF NOT EXISTS employee.employees_address (_id VARCHAR(255) PRIMARY KEY, employees__id VARCHAR(255), line1 VARCHAR(255), zip VARCHAR(255));
INSERT INTO employee.employees_address (_id, line1, zip, student__id) VALUES ('ce7e8ae7-5397-47c8-affb-f1e172979fce', '32550 Port Gatewaytown', '18399', '64798c213f273a7ca2cf516c');
INSERT INTO employee.employees_address (_id, line1, zip, student__id) VALUES ('a8566cc3-70d2-4649-a0f8-64c1f8867a87', '3840 Cornermouth', '83941', '64798c213f273a7ca2cf516c');
DELETE FROM student.students WHERE _id = '64798c213f273a7ca2cf516a';
INSERT INTO student.students (age, name, subject, _id) VALUES (19, 'Tevin Heathcote', 'English', '64798c213f273a7ca2cf516d');
INSERT INTO employee.employees (position, salary, _id, age, name) VALUES ('Manager', 5042.121824095532, '64798c213f273a7ca2cf516e', 37, 'Wilson Gleason');
INSERT INTO employee.employees_address (_id, line1, zip, student__id) VALUES ('db72f8c8-7489-49c1-9773-3fbf1faafde6', '481 Harborsburgh', '89799', '64798c213f273a7ca2cf516e');
INSERT INTO employee.employees_address (_id, line1, zip, student__id) VALUES ('468d37b0-472d-4af2-a5cd-9a2e3ca8c444', '329 Flatside', '80872', '64798c213f273a7ca2cf516e');
INSERT INTO employee.employees_phone (_id, personal, work, student__id) VALUES ('e80809a4-a185-48e1-b23b-244ae44e43ee', '7678456640', '8130097989', '64798c213f273a7ca2cf516e');
INSERT INTO employee.employees (position, salary, _id, age, name) VALUES ('Manager', 4514.763474407185, '64798c213f273a7ca2cf516f', 31, 'Linwood Wilkinson');
INSERT INTO employee.employees_phone (_id, personal, work, student__id) VALUES ('5514cf8f-11b5-4e1c-ac9a-166e5189753a', '1075027422', '1641587035', '64798c213f273a7ca2cf516f');
INSERT INTO employee.employees_address (_id, line1, zip, student__id) VALUES ('68fcfed8-97d1-4141-9586-6649d98241fc', '96400 Landhaven', '41638', '64798c213f273a7ca2cf516f');
INSERT INTO employee.employees_address (_id, line1, zip, student__id) VALUES ('9d9ac07e-fd97-4f0d-96fd-8c6c4e02c52a', '3939 Lightburgh', '99747', '64798c213f273a7ca2cf516f');
INSERT INTO student.students (_id, age, name, subject) VALUES ('64798c213f273a7ca2cf5170', 18, 'Camren Thompson', 'Science');
INSERT INTO employee.employees (_id, age, name, position, salary) VALUES ('64798c213f273a7ca2cf5171', 31, 'Meaghan Hettinger', 'Engineer', 6676.956103628756);
INSERT INTO employee.employees_phone (_id, personal, work, student__id) VALUES ('1e36d3ac-ba0c-4ef1-bdb9-44763ee43c94', '4613562303', '1889316722', '64798c213f273a7ca2cf5171');
INSERT INTO employee.employees_address (_id, line1, zip, student__id) VALUES ('3f769968-9a47-40ee-b771-59008f6beaec', '51338 Landingbury', '74795', '64798c213f273a7ca2cf5171');
INSERT INTO employee.employees_address (_id, line1, zip, student__id) VALUES ('c91bebae-3a73-4b12-bc32-c386a31c8506', '79033 West Locksmouth', '43555', '64798c213f273a7ca2cf5171');
UPDATE employee.employees SET Age = 23 WHERE _id = '64798c213f273a7ca2cf5171';
ALTER TABLE employee.employees ADD workhours VARCHAR(255);
INSERT INTO employee.employees (position, salary, workhours, _id, age, name) VALUES ('Developer', 2980.1271103167737, 6, '64798c213f273a7ca2cf5172', 20, 'Delta Bahringer');
INSERT INTO employee.employees_phone (_id, personal, work, student__id) VALUES ('246914a0-a369-4586-b364-c4ea635ea7b7', '9829848796', '5636590993', '64798c213f273a7ca2cf5172');
INSERT INTO employee.employees_address (_id, line1, zip, student__id) VALUES ('0db9e8e5-8aa7-4c87-951d-eeb2f78ce693', '2787 Trackview', '23598', '64798c213f273a7ca2cf5172');
INSERT INTO employee.employees_address (_id, line1, zip, student__id) VALUES ('fc1013b8-3877-4410-9624-3c4e1dbbea3e', '33659 South Mountainchester', '45086', '64798c213f273a7ca2cf5172');
ALTER TABLE student.students ADD is_graduated VARCHAR(255);
INSERT INTO student.students (age, is_graduated, name, subject, _id) VALUES (20, false, 'Freda Dare', 'Maths', '64798c213f273a7ca2cf5173');
INSERT INTO student.students (age, is_graduated, name, subject, _id) VALUES (23, true, 'Kamille Jast', 'Maths', '64798c213f273a7ca2cf5174');
INSERT INTO student.students (age, is_graduated, name, subject, _id) VALUES (19, false, 'Arden Kessler', 'Social Studies', '64798c213f273a7ca2cf5175');
INSERT INTO employee.employees (salary, workhours, _id, age, name, position) VALUES (6322.655857670963, 4, '64798c213f273a7ca2cf5176', 29, 'Chyna Kihn', 'Salesman');
INSERT INTO employee.employees_address (_id, line1, zip, student__id) VALUES ('0209dec2-6911-4fd0-bb02-cf30cc0f54a7', '403 Walksfurt', '75756', '64798c213f273a7ca2cf5176');
INSERT INTO employee.employees_address (_id, line1, zip, student__id) VALUES ('027283d0-b05f-4d17-94f4-06d6502ab1df', '5012 Port Branchberg', '21969', '64798c213f273a7ca2cf5176');
INSERT INTO employee.employees_phone (_id, personal, work, student__id) VALUES ('a93a3e5b-e2d7-4c2c-9dee-fd91e570cc58', '1748534264', '2515301788', '64798c213f273a7ca2cf5176');
INSERT INTO employee.employees (name, position, salary, workhours, _id, age) VALUES ('Madie Klein', 'Engineer', 9811.365188057007, 5, '64798c213f273a7ca2cf5177', 38);
INSERT INTO employee.employees_address (_id, line1, zip, student__id) VALUES ('aad3d0ef-4590-46d0-a986-9a34888c4e71', '73628 Port Knollchester', '97436', '64798c213f273a7ca2cf5177');
INSERT INTO employee.employees_address (_id, line1, zip, student__id) VALUES ('279669bf-2a55-4b4f-98bd-e9818662d588', '93072 Lake Skywayhaven', '87218', '64798c213f273a7ca2cf5177');
INSERT INTO employee.employees_phone (_id, personal, work, student__id) VALUES ('aae2320f-5fef-4a49-9add-211c3512edbe', '1498807115', '9172896730', '64798c213f273a7ca2cf5177');
