CREATE SCHEMA IF NOT EXISTS student;
CREATE TABLE student.students IF NOT EXISTS (subject VARCHAR(255), _id VARCHAR(255), age FLOAT, name VARCHAR(255));
INSERT INTO student.students (subject, _id, age, name) VALUES ('Maths', '64798c213f273a7ca2cf516a', 25, 'Nathan Lindgren');
CREATE SCHEMA IF NOT EXISTS employee;
CREATE TABLE employee.employees IF NOT EXISTS (_id VARCHAR(255), age FLOAT, name VARCHAR(255), position VARCHAR(255), salary FLOAT);
INSERT INTO employee.employees (_id, age, name, position, salary) VALUES ('64798c213f273a7ca2cf5171', 31, 'Meaghan Hettinger', 'Engineer', 6676.956103628756);
CREATE TABLE IF NOT EXISTS employee.employees_address (_id VARCHAR(255) PRIMARY KEY, employees__id VARCHAR(255), line1 VARCHAR(255), zip VARCHAR(255));
INSERT INTO employee.employees_address (_id, line1, zip, student__id) VALUES ('538bfeee-b9f9-4bb8-abb2-ce8a76f81a48', '51338 Landingbury', '74795', '64798c213f273a7ca2cf5171');
INSERT INTO employee.employees_address (_id, line1, zip, student__id) VALUES ('a59ce8da-a599-4052-b433-a8969aa52f62', '79033 West Locksmouth', '43555', '64798c213f273a7ca2cf5171');
CREATE TABLE IF NOT EXISTS employee.employees_phone (_id VARCHAR(255) PRIMARY KEY, employees__id VARCHAR(255), personal VARCHAR(255), work VARCHAR(255));
INSERT INTO employee.employees_phone (_id, personal, work, student__id) VALUES ('8d9b3b14-dd6a-4a98-82dd-117192871de4', '4613562303', '1889316722', '64798c213f273a7ca2cf5171');
INSERT INTO student.students (age, name, subject, _id) VALUES (19, 'Tevin Heathcote', 'English', '64798c213f273a7ca2cf516d');
INSERT INTO student.students (subject, _id, age, name) VALUES ('English', '64798c213f273a7ca2cf516b', 18, 'Meggie Hoppe');
INSERT INTO employee.employees (name, position, salary, _id, age) VALUES ('Raymond Monahan', 'Engineer', 3767.925634753098, '64798c213f273a7ca2cf516c', 35);
INSERT INTO employee.employees_phone (_id, personal, work, student__id) VALUES ('745b10df-3bdc-4904-97eb-904f64802649', '8764255212', '2762135091', '64798c213f273a7ca2cf516c');
INSERT INTO employee.employees_address (_id, line1, zip, student__id) VALUES ('9478eb1c-c0ba-47da-b7a0-74f777326498', '32550 Port Gatewaytown', '18399', '64798c213f273a7ca2cf516c');
INSERT INTO employee.employees_address (_id, line1, zip, student__id) VALUES ('fb5bc2c5-32d2-41df-8812-fabe5be0c6b3', '3840 Cornermouth', '83941', '64798c213f273a7ca2cf516c');
DELETE FROM student.students WHERE _id = '64798c213f273a7ca2cf516a';
INSERT INTO employee.employees (age, name, position, salary, _id) VALUES (31, 'Linwood Wilkinson', 'Manager', 4514.763474407185, '64798c213f273a7ca2cf516f');
INSERT INTO employee.employees_address (_id, line1, zip, student__id) VALUES ('b3b0492b-5d71-479c-b2d7-caacd6c28669', '96400 Landhaven', '41638', '64798c213f273a7ca2cf516f');
INSERT INTO employee.employees_address (_id, line1, zip, student__id) VALUES ('912bdde2-bcc7-4009-8401-2fe9b249e710', '3939 Lightburgh', '99747', '64798c213f273a7ca2cf516f');
INSERT INTO employee.employees_phone (_id, personal, work, student__id) VALUES ('7088eead-9e4c-4416-99f4-c70d516b9c21', '1075027422', '1641587035', '64798c213f273a7ca2cf516f');
INSERT INTO employee.employees (name, position, salary, _id, age) VALUES ('Wilson Gleason', 'Manager', 5042.121824095532, '64798c213f273a7ca2cf516e', 37);
INSERT INTO employee.employees_phone (_id, personal, work, student__id) VALUES ('1f690428-72a3-4400-b433-1ca45a882ce3', '7678456640', '8130097989', '64798c213f273a7ca2cf516e');
INSERT INTO employee.employees_address (_id, line1, zip, student__id) VALUES ('247d3af0-a802-484f-9b79-4eb2d790e8b1', '481 Harborsburgh', '89799', '64798c213f273a7ca2cf516e');
INSERT INTO employee.employees_address (_id, line1, zip, student__id) VALUES ('d934cc3a-2cb4-4e27-937f-149233f2252f', '329 Flatside', '80872', '64798c213f273a7ca2cf516e');
ALTER TABLE student.students ADD is_graduated VARCHAR(255);
INSERT INTO student.students (age, is_graduated, name, subject, _id) VALUES (23, true, 'Kamille Jast', 'Maths', '64798c213f273a7ca2cf5174');
UPDATE employee.employees SET Age = 23 WHERE _id = '64798c213f273a7ca2cf5171';
ALTER TABLE employee.employees ADD workhours VARCHAR(255);
INSERT INTO employee.employees (position, salary, workhours, _id, age, name) VALUES ('Developer', 2980.1271103167737, 6, '64798c213f273a7ca2cf5172', 20, 'Delta Bahringer');
INSERT INTO employee.employees_address (_id, line1, zip, student__id) VALUES ('091fe982-b798-437b-a154-bc961be901a0', '2787 Trackview', '23598', '64798c213f273a7ca2cf5172');
INSERT INTO employee.employees_address (_id, line1, zip, student__id) VALUES ('2f64aa8b-231c-4619-a613-422e91696974', '33659 South Mountainchester', '45086', '64798c213f273a7ca2cf5172');
INSERT INTO employee.employees_phone (_id, personal, work, student__id) VALUES ('9b1140a3-f463-4f1d-87f2-fc21ee97ebf1', '9829848796', '5636590993', '64798c213f273a7ca2cf5172');
INSERT INTO student.students (age, is_graduated, name, subject, _id) VALUES (20, false, 'Freda Dare', 'Maths', '64798c213f273a7ca2cf5173');
INSERT INTO student.students (subject, _id, age, name) VALUES ('Science', '64798c213f273a7ca2cf5170', 18, 'Camren Thompson');
INSERT INTO employee.employees (position, salary, workhours, _id, age, name) VALUES ('Salesman', 6322.655857670963, 4, '64798c213f273a7ca2cf5176', 29, 'Chyna Kihn');
INSERT INTO employee.employees_phone (_id, personal, work, student__id) VALUES ('be005b1d-cb2c-4b2e-b488-7c5d72872778', '1748534264', '2515301788', '64798c213f273a7ca2cf5176');
INSERT INTO employee.employees_address (_id, line1, zip, student__id) VALUES ('73b07647-d397-4018-8e8b-c510ef03bcb6', '403 Walksfurt', '75756', '64798c213f273a7ca2cf5176');
INSERT INTO employee.employees_address (_id, line1, zip, student__id) VALUES ('b684923f-7e5c-4251-b5ac-9b9e806c50f6', '5012 Port Branchberg', '21969', '64798c213f273a7ca2cf5176');
INSERT INTO student.students (age, is_graduated, name, subject, _id) VALUES (19, false, 'Arden Kessler', 'Social Studies', '64798c213f273a7ca2cf5175');
INSERT INTO employee.employees (salary, workhours, _id, age, name, position) VALUES (9811.365188057007, 5, '64798c213f273a7ca2cf5177', 38, 'Madie Klein', 'Engineer');
INSERT INTO employee.employees_address (_id, line1, zip, student__id) VALUES ('799fc51e-a0ef-42af-b5cc-c8e040222bbb', '73628 Port Knollchester', '97436', '64798c213f273a7ca2cf5177');
INSERT INTO employee.employees_address (_id, line1, zip, student__id) VALUES ('db31aa7e-33d1-4b4c-8a60-91cc00f142ef', '93072 Lake Skywayhaven', '87218', '64798c213f273a7ca2cf5177');
INSERT INTO employee.employees_phone (_id, personal, work, student__id) VALUES ('7d08638f-5d7f-44f6-b05c-78595f49fc25', '1498807115', '9172896730', '64798c213f273a7ca2cf5177');
