CREATE SCHEMA IF NOT EXISTS student;
CREATE TABLE student.students IF NOT EXISTS (_id VARCHAR(255), age FLOAT, name VARCHAR(255), subject VARCHAR(255));
INSERT INTO student.students (_id, age, name, subject) VALUES ('64798c213f273a7ca2cf516a', 25, 'Nathan Lindgren', 'Maths');
INSERT INTO student.students (name, subject, _id, age) VALUES ('Meggie Hoppe', 'English', '64798c213f273a7ca2cf516b', 18);
CREATE SCHEMA IF NOT EXISTS employee;
CREATE TABLE employee.employees IF NOT EXISTS (_id VARCHAR(255), age FLOAT, name VARCHAR(255), position VARCHAR(255), salary FLOAT);
INSERT INTO employee.employees (_id, age, name, position, salary) VALUES ('64798c213f273a7ca2cf516c', 35, 'Raymond Monahan', 'Engineer', 3767.925634753098);
CREATE TABLE IF NOT EXISTS employee.employees_address (_id VARCHAR(255) PRIMARY KEY, employees__id VARCHAR(255), line1 VARCHAR(255), zip VARCHAR(255));
INSERT INTO employee.employees_address (_id, line1, zip, student__id) VALUES ('ce2ae5bf-3943-4748-882b-7a95de96f67c', '32550 Port Gatewaytown', '18399', '64798c213f273a7ca2cf516c');
INSERT INTO employee.employees_address (_id, line1, zip, student__id) VALUES ('b564a8be-4333-4e65-aeb5-293f13a30cb3', '3840 Cornermouth', '83941', '64798c213f273a7ca2cf516c');
CREATE TABLE IF NOT EXISTS employee.employees_phone (_id VARCHAR(255) PRIMARY KEY, employees__id VARCHAR(255), personal VARCHAR(255), work VARCHAR(255));
INSERT INTO employee.employees_phone (_id, personal, work, student__id) VALUES ('aea9a520-5ab8-44ea-9e2d-47c479b89708', '8764255212', '2762135091', '64798c213f273a7ca2cf516c');
DELETE FROM student.students WHERE _id = '64798c213f273a7ca2cf516a';
INSERT INTO student.students (_id, age, name, subject) VALUES ('64798c213f273a7ca2cf516d', 19, 'Tevin Heathcote', 'English');
INSERT INTO employee.employees (salary, _id, age, name, position) VALUES (5042.121824095532, '64798c213f273a7ca2cf516e', 37, 'Wilson Gleason', 'Manager');
INSERT INTO employee.employees_phone (_id, personal, work, student__id) VALUES ('f77939a3-8102-40c5-90f2-96ce2c94f0eb', '7678456640', '8130097989', '64798c213f273a7ca2cf516e');
INSERT INTO employee.employees_address (_id, line1, zip, student__id) VALUES ('be33e238-0b14-4763-bd84-9d89de286dcc', '481 Harborsburgh', '89799', '64798c213f273a7ca2cf516e');
INSERT INTO employee.employees_address (_id, line1, zip, student__id) VALUES ('e999b8b5-0f27-424f-afc8-a9ff6edbc4d1', '329 Flatside', '80872', '64798c213f273a7ca2cf516e');
INSERT INTO employee.employees (name, position, salary, _id, age) VALUES ('Linwood Wilkinson', 'Manager', 4514.763474407185, '64798c213f273a7ca2cf516f', 31);
INSERT INTO employee.employees_address (_id, line1, zip, student__id) VALUES ('0c38e250-6524-4477-a438-03870f73ee29', '96400 Landhaven', '41638', '64798c213f273a7ca2cf516f');
INSERT INTO employee.employees_address (_id, line1, zip, student__id) VALUES ('4bc014d9-7862-4507-b3d7-f4df7abfb6b0', '3939 Lightburgh', '99747', '64798c213f273a7ca2cf516f');
INSERT INTO employee.employees_phone (_id, personal, work, student__id) VALUES ('259dbfff-33cf-438c-9b48-b210449435a4', '1075027422', '1641587035', '64798c213f273a7ca2cf516f');
INSERT INTO student.students (name, subject, _id, age) VALUES ('Camren Thompson', 'Science', '64798c213f273a7ca2cf5170', 18);
INSERT INTO employee.employees (position, salary, _id, age, name) VALUES ('Engineer', 6676.956103628756, '64798c213f273a7ca2cf5171', 31, 'Meaghan Hettinger');
INSERT INTO employee.employees_address (_id, line1, zip, student__id) VALUES ('e8767860-434f-4ec2-b844-8f7cd6bd8cbd', '51338 Landingbury', '74795', '64798c213f273a7ca2cf5171');
INSERT INTO employee.employees_address (_id, line1, zip, student__id) VALUES ('94c7a9ff-a095-42a7-81d4-33f6a3a80cab', '79033 West Locksmouth', '43555', '64798c213f273a7ca2cf5171');
INSERT INTO employee.employees_phone (_id, personal, work, student__id) VALUES ('08468004-1119-4926-973a-e1efca20940d', '4613562303', '1889316722', '64798c213f273a7ca2cf5171');
UPDATE employee.employees SET Age = 23 WHERE _id = '64798c213f273a7ca2cf5171';
ALTER TABLE employee.employees ADD workhours VARCHAR(255);
INSERT INTO employee.employees (salary, workhours, _id, age, name, position) VALUES (2980.1271103167737, 6, '64798c213f273a7ca2cf5172', 20, 'Delta Bahringer', 'Developer');
INSERT INTO employee.employees_address (_id, line1, zip, student__id) VALUES ('a517c0d6-0d75-4203-90ab-ee0ff33af5d3', '2787 Trackview', '23598', '64798c213f273a7ca2cf5172');
INSERT INTO employee.employees_address (_id, line1, zip, student__id) VALUES ('bebff0f1-212b-43ad-8520-18faa8ea7331', '33659 South Mountainchester', '45086', '64798c213f273a7ca2cf5172');
INSERT INTO employee.employees_phone (_id, personal, work, student__id) VALUES ('caa2dd4e-8adf-44e8-b3cd-fcfabcc6d224', '9829848796', '5636590993', '64798c213f273a7ca2cf5172');
ALTER TABLE student.students ADD is_graduated VARCHAR(255);
INSERT INTO student.students (is_graduated, name, subject, _id, age) VALUES (false, 'Freda Dare', 'Maths', '64798c213f273a7ca2cf5173', 20);
INSERT INTO student.students (subject, _id, age, is_graduated, name) VALUES ('Maths', '64798c213f273a7ca2cf5174', 23, true, 'Kamille Jast');
INSERT INTO student.students (is_graduated, name, subject, _id, age) VALUES (false, 'Arden Kessler', 'Social Studies', '64798c213f273a7ca2cf5175', 19);
INSERT INTO employee.employees (position, salary, workhours, _id, age, name) VALUES ('Salesman', 6322.655857670963, 4, '64798c213f273a7ca2cf5176', 29, 'Chyna Kihn');
INSERT INTO employee.employees_address (_id, line1, zip, student__id) VALUES ('6629ce19-7a1e-4d35-af5d-598aad32e99e', '403 Walksfurt', '75756', '64798c213f273a7ca2cf5176');
INSERT INTO employee.employees_address (_id, line1, zip, student__id) VALUES ('e09210df-0937-4806-84fc-6fbcab3d6b0e', '5012 Port Branchberg', '21969', '64798c213f273a7ca2cf5176');
INSERT INTO employee.employees_phone (_id, personal, work, student__id) VALUES ('7c099ff3-a6df-4017-8c2b-0d085a6da9f6', '1748534264', '2515301788', '64798c213f273a7ca2cf5176');
INSERT INTO employee.employees (position, salary, workhours, _id, age, name) VALUES ('Engineer', 9811.365188057007, 5, '64798c213f273a7ca2cf5177', 38, 'Madie Klein');
INSERT INTO employee.employees_address (_id, line1, zip, student__id) VALUES ('ce240346-11fd-461f-bec3-af2a3afa2929', '73628 Port Knollchester', '97436', '64798c213f273a7ca2cf5177');
INSERT INTO employee.employees_address (_id, line1, zip, student__id) VALUES ('6bcb04ec-5272-4a33-9c31-98c965835d82', '93072 Lake Skywayhaven', '87218', '64798c213f273a7ca2cf5177');
INSERT INTO employee.employees_phone (_id, personal, work, student__id) VALUES ('ca3ffca0-3b87-4d1e-bc37-8b24637a4385', '1498807115', '9172896730', '64798c213f273a7ca2cf5177');
